Australian Shepherd,australian-shepherd-1.jpg
American Cocker Spaniel,cocker-spaniel-1.jpg
Akita,american-akita-1.jpg
Australian Cattle Dog,australian-cattle-dog-1.jpg
Airedale Terrier,airedale-terrier-1.jpg
Alaskan Malamute,alaskan-malamute-1.jpg
American Staffordshire Terrier,american-staffordshire-terrier-1.jpg
Anatolian Shepherd Dog,anatolian-shepherd-dog-1.jpg
American Eskimo Dog,american-eskimo-dog-1.jpg
Afghan Hound,afghan-hound-1.jpg
American Hairless Terrier,american-hairless-terrier-1.jpg
Australian Terrier,australian-terrier-1.jpg
American Water Spaniel,american-water-spaniel-1.jpg
Affenpinscher,affenpinscher-1.jpg
American English Coonhound,english-coonhound-1.jpg
American Foxhound,american-foxhound-1.jpg
Azawakh,azawakh-1.jpg
American Pit Bull Terrier,
American White Shepherd,
Alapaha Blue Blood Bulldog,
Alaskan Klee Kai,
Appenzeller Sennenhund,
Australian Bulldog,
Australian Kelpie,
Australian Stumpy Tail Cattle Dog,
Austrian Black and Tan Hound,
Austrian Pinscher,
Alaskan Husky,
American Bulldog,
Andalusian Hound,
American Mastiff,
Akbash Dog,
Alano Espanol,
Ariege Pointer,
Ariegeois,
Africanis,
Aidi,
American Staghound,
Alopekis,
Bulldog,bulldog-1.jpg
Beagle,beagle-1.jpg
Boxer,boxer-1.jpg
Boston Terrier,boston-terrier-1.jpg
Bernese Mountain Dog,bernese-mountain-dog-1.jpg
Brittany,brittany-1.jpg
Border Collie,border-collie-1.jpg
Basset Hound,basset-hound-1.jpg
Belgian Malinois,belgian-shepherd-malinois-1.jpg
Bichon Frise,bichon-frise-1.jpg
Bloodhound,bloodhound-1.jpg
Bullmastiff,bullmastiff-1.jpg
Bull Terrier,bull-terrier-1.jpg
Basenji,basenji-1.jpg
Boykin Spaniel,boykin-spaniel-1.jpg
Brussels Griffon,brussels-griffon-1.jpg
Bouvier des Flandres,bouvier-des-flandres-1.jpg
Border Terrier,border-terrier-1.jpg
Borzoi,borzoi-1.jpg
Belgian Tervuren,belgian-shepherd-tervuren-1.jpg
Belgian Sheepdog,groenendael-1.jpg
Beauceron,beauceron-1.jpg
Boerboel,boerboel-1.jpg
Bearded Collie,bearded-collie-1.jpg
Black Russian Terrier,black-russian-terrier-1.jpg
Black and Tan Coonhound,black-and-tan-coonhound-1.jpg
Bluetick Coonhound,bluetick-coonhound-1.jpg
Bedlington Terrier,bedlington-terrier-1.jpg
Barbet,barbet-1.jpg
Briard,briard-1.jpg
Berger Picard,berger-picard-1.jpg
Bergamasco,bergamasco-1.jpg
Bolognese dog,
Basset Bleu de Gascogne,
Basset Fauve de Bretagne,
Belgian Shepherd Laekenois,
Black Mouth Cur,
Black Norwegian Elkhound,
Blue Lacy,
Blue Picardy Spaniel,
Bohemian Shepherd,
Bracco Italiano,
Braque du Bourbonnais,
Brazilian Terrier,
Bulgarian Shepherd Dog,
Basset Artesien Normand,
Broholmer,
Biewer Terrier,
Briquet Griffon Vendeen,
Bukovina Sheepdog,
Beagle-Harrier,
Beaglier,
Bavarian Mountain Hound,
Bouvier des Ardennes,
Bull Arab,
Cavalier King Charles Spaniel,cavalier-king-charles-spaniel-1.jpg
Cane Corso,cane-corso-italiano-1.jpg
Chihuahua,chihuahua-1.jpg
Collie,rough-collie-1.jpg
Chesapeake Bay Retriever,chesapeake-bay-retriever-1.jpg
Cardigan Welsh Corgi,cardigan-welsh-corgi-1.jpg
Cairn Terrier,cairn-terrier-1.jpg
Chinese Crested,chinese-crested-1.jpg
Coton De Tulear,coton-de-tulear-1.jpg
Chow Chow,chow-chow-1.jpg
Clumber Spaniel,clumber-spaniel-1.jpg
Curly-Coated Retriever,curly-coated-retriever-1.jpg
Cirneco dell’Etna,cirneco-dell-etna-1.jpg
Canaan Dog,canaan-dog-1.jpg
Chinook,chinook-dog-1.jpg
Cesky Terrier,cesky-terrier-1.jpg
Cockapoo,
Canadian Eskimo Dog,
Carolina Dog,
Carpathian Sheepdog,
Catahoula Bulldog,
Catahoula Leopard Dog,
Catalan Sheepdog,
Caucasian Ovcharka,
Central Asian Ovtcharka,
Croatian Sheepdog,
Czechoslovakian Wolfdog,
Cesky Fousek,
Chart Polski,
Cairmal,
Chorkie,
Cockalier,
Caravan Hound,
Cão da Serra de Aires,
Chippiparai,
Chizer,
Cotonese,
Dachshund,dachshund-1.jpg
Doberman Pinscher,doberman-pinscher-1.jpg
Dalmatian,dalmatian-1.jpg
Dogue de Bordeaux,dogue-de-bordeaux-1.jpg
Dogo Argentino,argentine-dogo-1.jpg
Dandie Dinmont Terrier,dandie-dinmont-terrier-1.jpg
Dutch Shepherd Dog,
Double Doodle,
Deutsche Bracke,
Dorkie,
Danish-Swedish Farmdog,
Dingo,
Dutch Smoushond,
Drentse Patrijshond,
Drever,
Dunker,
Dorgi,
English Springer Spaniel,english-springer-spaniel-1.jpg
English Cocker Spaniel,english-cocker-spaniel-1.jpg
English Setter,english-setter-1.jpg
English Toy Spaniel,english-toy-spaniel-1.jpg
Entlebucher Mountain Dog,entlebucher-mountain-dog-1.jpg
English Foxhound,english-foxhound-1.jpg
East-European Shepherd,
English Shepherd,
Eurasier,
East Siberian Laika,
French Bulldog,french-bulldog-1.jpg
Flat-Coated Retriever,flat-coated-retriever-1.jpg
Field Spaniel,field-spaniel-1.jpg
Finnish Lapphund,finnish-lapphund-1.jpg
Finnish Spitz,finnish-spitz-1.jpg
Fila Brasileiro,
French Spaniel,
Finnish Hound,
Francais Blanc et Noir,
German Shepherd,german-shepherd-dog-1.jpg
Golden Retriever,golden-retriever-1.jpg
German Shorthaired Pointer,german-shorthaired-pointer-1.jpg
Great Dane,great-dane-1.jpg
German Wirehaired Pointer,german-wirehaired-pointer-1.jpg
Giant Schnauzer,giant-schnauzer-1.jpg
Great Pyrenees,great-pyrenees-1.jpg
Greater Swiss Mountain Dog,greater-swiss-mountain-dog-1.jpg
Gordon Setter,gordon-setter-1.jpg
German Pinscher,german-pinscher-1.jpg
Greyhound,greyhound-1.jpg
Glen of Imaal Terrier,glen-of-imaal-terrier-1.jpg
Grand Basset Griffon Vendeen,grand-basset-griffon-vendeen-1.jpg
Goldendoodle,
German Longhaired Pointer,
Greenland Dog,
Griffon bleu de Gascogne,
Grand Bleu de Gascogne,
Havanese,havanese-1.jpg
Harrier,harrier-dog-1.jpg
Hokkaido Dog,
Hovawart,
Hamilton Hound,
Italian Greyhound,italian-greyhound-1.jpg
Irish Wolfhound,irish-wolfhound-1.jpg
Irish Setter,irish-setter-1.jpg
Irish Terrier,irish-terrier-1.jpg
Icelandic Sheepdog,icelandic-sheepdog-1.jpg
Irish Red and White Setter,irish-red-and-white-setter-1.jpg
Ibizan Hound,ibizan-hound-1.jpg
Irish Water Spaniel,irish-water-spaniel-1.jpg
Jack Russell Terrier,jack-russell-terrier-1.jpg
Japanese Chin,japanese-chin-1.jpg
Japanese Spitz,
Jagdterrier,
Japanese Terrier,
Jämthund,
Keeshond,keeshond-1.jpg
Kerry Blue Terrier,kerry-blue-terrier-1.jpg
Kooikerhondje,kooikerhondje-1.jpg
Kuvasz,kuvasz-1.jpg
Komondor,komondor-1.jpg
Korean Jindo,
Karelian Bear Dog,
Kishu Ken,
Koolie,
Kromfohrlander,
Kangal Dog,
King Shepherd,
Kyi-Leo,
Karst Shepherd,
Labrador Retriever,labrador-retriever-1.jpg
Lhasa Apso,lhasa-apso-1.jpg
Lagotto Romagnolo,lagotto-romagnolo-1.jpg
Leonberger,leonberger-1.jpg
Lakeland Terrier,lakeland-terrier-1.jpg
Lowchen,lowchen-1.jpg
Large Munsterlander,
Lancashire Heeler,
Landseer,
Lucas Terrier,
Lurcher,
Lapponian Herder,
Miniature Schnauzer,miniature-schnauzer-1.jpg
Miniature American Shepherd,miniature-american-shepherd-1.jpg
Mastiff,mastiff-1.jpg
Maltese,maltese-1.jpg
Miniature Pinscher,miniature-pinscher-1.jpg
Miniature Bull Terrier,bull-terrier-miniature-1.jpg
Manchester Terrier,manchester-terrier-1.jpg
Miniature Bulldog,
Miniature Poodle,
Miniature Shar Pei,
McNab,
Mudi,
Mountain Feist,
Maremma Sheepdog,
Mal-Shi,
Moscow Watchdog,
Mountain Cur,
Majestic Tree Hound,
Newfoundland,newfoundland-1.jpg
Nova Scotia Duck Tolling Retriever,tolling-retriever-1.jpg
Norwegian Elkhound,norwegian-elkhound-1.jpg
Neapolitan Mastiff,neapolitan-mastiff-1.jpg
Norwich Terrier,norwich-terrier-1.jpg
Norfolk Terrier,norfolk-terrier-1.jpg
Norwegian Buhund,norwegian-buhund-1.jpg
Norwegian Lundehund,norwegian-lundehund-1.jpg
Norrbottenspets,
Northern Inuit Dog,
New Guinea Singing Dog,
Old English Sheepdog,old-english-sheepdog-1.jpg
Otterhound,otterhound-1.jpg
Olde English Bulldogge,
Poodle,poodle-1.jpg
Pembroke Welsh Corgi,pembroke-welsh-corgi-1.jpg
Pomeranian,pomeranian-1.jpg
Pug,pug-1.jpg
Portuguese Water Dog,portuguese-water-dog-1.jpg
Papillon,papillon-dog-1.jpg
Pekingese,pekingese-1.jpg
Parson Russell Terrier,parson-russell-terrier-1.jpg
Pointer,english-pointer-1.jpg
Puli,puli-1.jpg
Pumi,pumi-1.jpg
Portuguese Podengo Pequeno,portuguese-podengo-1.jpg
Petit Basset Griffon Vendeen,pbgv-1.jpg
Plott Hound,plott-hound-1.jpg
Polish Lowland Sheepdog,polish-lowland-sheepdog-1.jpg
Pharaoh Hound,pharaoh-hound-1.jpg
Pyrenean Shepherd,pyrenean-shepherd-1.jpg
Pakistani Mastiff,
Patterdale Terrier,
Perro de Presa Canario,
Perro de Presa Mallorquin,
Peruvian Inca Orchid,
Picardy Spaniel,
Prazsky Krysarik,
Pont-Audemer Spaniel,
Pyrenean Mastiff,
Polish Tatra Sheepdog,
Puggle,
Pudelpointer,
Plummer Terrier,
Portuguese Pointer,
Polish Hunting Dog,
Rottweiler,rottweiler-1.jpg
Rhodesian Ridgeback,rhodesian-ridgeback-1.jpg
Rat Terrier,rat-terrier-1.jpg
Redbone Coonhound,redbone-coonhound-1.jpg
Russian Toy,
Russian Spaniel,
Russian Tsvetnaya Bolonka,
Romanian Mioritic Shepherd Dog,
Rajapalayam dog,
Rafeiro do Alentejo,
Siberian Husky,siberian-husky-1.jpg
Shih Tzu,shih-tzu-1.jpg
Shetland Sheepdog,shetland-sheepdog-1.jpg
Shiba Inu,shiba-inu-1.jpg
St. Bernard,st-bernard-1.jpg
Samoyed,samoyed-1.jpg
Scottish Terrier,scottish-terrier-1.jpg
Soft Coated Wheaten Terrier,wheaten-1.jpg
Shar-Pei,shar-pei-1.jpg
Staffordshire Bull Terrier,staff-1.jpg
Standard Schnauzer,standard-schnauzer-1.jpg
Silky Terrier,australian-silky-terrier-1.jpg
Spinone Italiano,spinone-italiano-1.jpg
Schipperke,schipperke-1.jpg
Smooth Fox Terrier,smooth-fox-terrier-1.jpg
Saluki,saluki-1.jpg
Swedish Vallhund,swedish-vallhund-1.jpg
Sealyham Terrier,sealyham-terrier-1.jpg
Spanish Water Dog,spanish-water-dog-1.jpg
Scottish Deerhound,scottish-deerhound-1.jpg
Sussex Spaniel,sussex-spaniel-1.jpg
Skye Terrier,skye-terrier-1.jpg
Sloughi,sloughi-1.jpg
Small Munsterlander,
Saarloos wolfdog,
Sarplaninac,
Schapendoes,
Shikoku dog,
Shiloh Shepherd dog,
Silken Windhound,
Spanish Mastiff,
Swedish Lapphund,
Shichon,
Slovensky Cuvac,
Stabyhoun,
Spanish Greyhound,
Seppala Siberian Sleddog,
South Russian Ovcharka,
Sapsali,
Smaland Hound,
Serbian Hound,
Tibetan Terrier,tibetan-terrier-1.jpg
Toy Fox Terrier,toy-fox-terrier-1.jpg
Tibetan Spaniel,tibetan-spaniel-1.jpg
Tibetan Mastiff,tibetan-mastiff-1.jpg
Treeing Walker Coonhound,treeing-walker-coonhound-1.jpg
Toy Poodle,
Tamaskan Dog,
Thai Ridgeback,
Tosa Ken,
Texas Heeler,
Tornjak,
Taco Terrier,
Thai Bangkaew Dog,
Transylvanian Hound,
Vizsla,"vizsla-1.jpg"" alt=""Vizsla"
Volpino Italiano,
Weimaraner,weimaraner-1.jpg
West Highland White Terrier,west-highland-white-terrier-1.jpg
Whippet,whippet-1.jpg
Wirehaired Pointing Griffon,wirehaired-pointing-griffon-1.jpg
Wire Fox Terrier,fox-terrier-1.jpg
Welsh Terrier,welsh-terrier-1.jpg
Welsh Springer Spaniel,welsh-springer-spaniel-1.jpg
Wirehaired Vizsla,wirehaired-vizsla-1.jpg
West Siberian Laika,
Wetterhoun,
Xoloitzcuintli,xoloitzcuintle-1.jpg
Yorkshire Terrier,yorkshire-terrier-1.jpg Terrier
