American Shorthair,american-shorthair-1.jpg
Abyssinian,abyssinian-1.jpg
American Curl,american-curl-1.jpg
American Bobtail,american-bobtail-1.jpg
American Wirehair,american-wirehair-1.jpg
Aegean,aegean-cat-1.jpg
Australian Mist,australian-mist-1.jpg
American Polydactyl,american-polydactyl-1.jpg
Arabian Mau,arabian-mau-1.jpg
Asian cat,malayan-cat-1.jpg
Asian Semi-longhair,asian-semi-longhair-1.jpg
British Shorthair,british-shorthair-1.jpg
Bengal,bengal-1.jpg
Burmese,burmese-1.jpg
Birman,birman-1.jpg
Balinese,balinese-1.jpg
Bombay,bombay-cat-1.jpg
Burmilla,burmilla-1.jpg
Bambino,bambino-cat-1.jpg
Brazilian Shorthair,brazilian-shorthair-1.jpg
British Longhair,british-longhair-1.jpg
Cornish Rex,cornish-rex-1.jpg
Colorpoint Shorthair,colorpoint-shorthair-1.jpg
Chartreux,chartreux-1.jpg
California Spangled,california-spangled-cat-1.jpg
Cymric,cymric-cat-1.jpg
Chantilly-Tiffany,chantilly-1.jpg
Chausie,chausie-1.jpg
Cheetoh,cheetoh-1.jpg
Cyprus,cyprus-cat-1.jpg
Devon Rex,devon-rex-1.jpg
Donskoy,donskoy-1.jpg
Dwelf,dwelf-1.jpg
Exotic Shorthair,exotic-shorthair-1.jpg
Egyptian Mau,egyptian-mau-1.jpg
European Burmese,european-burmese-1.jpg
Elf cat,elf-cat-1.jpg
Havana Brown,havana-brown-1.jpg
Himalayan,himalayan-cat-1.jpg
Japanese Bobtail,japanese-bobtail-1.jpg
Javanese,javanese-cat-1.jpg
Khao Manee,khao-manee-1.jpg
Korat,korat-1.jpg
Lykoi,lykoi-1.jpg
LaPerm,laperm-1.jpg
Maine Coon,maine-coon-1.jpg
Manx,manx-1.jpg
Munchkin,munchkin-cat-1.jpg
Minskin,minskin-1.jpg
Norwegian Forest Cat,norwegian-forest-cat-1.jpg
Nebelung,nebelung-1.jpg
Napoleon cat,napoleon-cat-1.jpg
Oriental,oriental-shorthair-1.jpg
Ocicat,ocicat-1.jpg
Persian,persian-cat-1.jpg
Pixie-bob,pixie-bob-1.jpg
Peterbald,peterbald-1.jpg
Ragdoll,ragdoll-1.jpg
Russian Blue,russian-blue-1.jpg
Ragamuffin,ragamuffin-cat-1.jpg
Sphynx,sphynx-1.jpg
Scottish Fold,scottish-fold-1.jpg
Siamese,siamese-1.jpg
Siberian,siberian-1.jpg
Selkirk Rex,selkirk-rex-1.jpg
Somali,somali-1.jpg
Singapura,singapura-1.jpg
Savannah,savannah-cat-1.jpg
Snowshoe,snowshoe-cat-1.jpg
Sokoke,sokoke-1.jpg
Serengeti cat,serengeti-cat-1.jpg
Tonkinese,tonkinese-1.jpg
Turkish Angora,turkish-angora-1.jpg
Turkish Van,turkish-van-1.jpg
Toyger,toyger-1.jpg
Thai cat,thai-cat-1.jpg
Ukrainian Levkoy,ukrainian-levkoy-1.jpg
York Chocolate,york-chocolate-1.jpg
