username,first_name,last_name,email,encrypted_password,description,is_elevated,image_url
samanthacruz,Madison,Clements,cruzsam@gmail.com,$2b$12$Q1PUFjhN/AWRQ21LbGYvjeLpZZB6lfZ1BPwifHALGO6oIbyC3CmJe,Movement later fund employee site turn.,true,https://randomuser.me/api/portraits/women/82.jpg
edward88,Ethan,Berry,richard65@martin.net,$2b$12$Q1PUFjhN/AWRQ21LbGYvjeLpZZB6lfZ1BPwifHALGO6oIbyC3CmJe,Decision professional real each citizen level.,true,https://randomuser.me/api/portraits/lego/5.jpg
liulauren,Sarah,Tran,kimberlykim@jones.info,$2b$12$Q1PUFjhN/AWRQ21LbGYvjeLpZZB6lfZ1BPwifHALGO6oIbyC3CmJe,Maybe key community young ahead.,true,https://randomuser.me/api/portraits/women/12.jpg
palmermichael,Markus,Cope,ljohnson@grimes-stevens.net,$2b$12$Q1PUFjhN/AWRQ21LbGYvjeLpZZB6lfZ1BPwifHALGO6oIbyC3CmJe,Hotel together show gas seven.,false,https://randomuser.me/api/portraits/women/97.jpg
becklinda,Carmen,Rudd,angelicaparker@nguyen.com,$2b$12$Q1PUFjhN/AWRQ21LbGYvjeLpZZB6lfZ1BPwifHALGO6oIbyC3CmJe,Cell itself institution couple should.,false,https://randomuser.me/api/portraits/lego/5.jpg
laura.bauer,Laura,Bauer,laura85@barrett-hunter.com,$2b$12$Q1PUFjhN/AWRQ21LbGYvjeLpZZB6lfZ1BPwifHALGO6oIbyC3CmJe,Concern phone sport whatever professor material.,true,https://randomuser.me/api/portraits/men/50.jpg
crawfordshawn,Seb,Hyde,murphyjohn@hernandez-beard.info,$2b$12$Q1PUFjhN/AWRQ21LbGYvjeLpZZB6lfZ1BPwifHALGO6oIbyC3CmJe,fdasa,false,https://randomuser.me/api/portraits/men/17.jpg
psampson,Euan,Mcnamara,bgray@hotmail.com,$2b$12$Q1PUFjhN/AWRQ21LbGYvjeLpZZB6lfZ1BPwifHALGO6oIbyC3CmJe,Resource source beyond beautiful product add mention.,false,https://randomuser.me/api/portraits/men/74.jpg
wrightgeorge,Yvonne,Avalos,tatemallory@sanford-armstrong.com,$2b$12$Q1PUFjhN/AWRQ21LbGYvjeLpZZB6lfZ1BPwifHALGO6oIbyC3CmJe,Figure seat everybody agency.,false,https://randomuser.me/api/portraits/women/52.jpg
webbmark,Ruby,Frost,lauraconner@hotmail.com,$2b$12$Q1PUFjhN/AWRQ21LbGYvjeLpZZB6lfZ1BPwifHALGO6oIbyC3CmJe,Often beyond enough why.,false,https://randomuser.me/api/portraits/women/7.jpg
veronicahaynes,Kayley,Ware,bookerricky@gmail.com,$2b$12$Q1PUFjhN/AWRQ21LbGYvjeLpZZB6lfZ1BPwifHALGO6oIbyC3CmJe,Spring language his several drop.,false,https://randomuser.me/api/portraits/women/61.jpg
stacymartin,Lily-Mai,Wharton,murphytimothy@yahoo.com,$2b$12$Q1PUFjhN/AWRQ21LbGYvjeLpZZB6lfZ1BPwifHALGO6oIbyC3CmJe,Term left view.,false,https://randomuser.me/api/portraits/men/44.jpg
mendozabrian,Montgomery,Mullen,timothyritter@gmail.com,$2b$12$Q1PUFjhN/AWRQ21LbGYvjeLpZZB6lfZ1BPwifHALGO6oIbyC3CmJe,Arrive indicate finally.,false,https://randomuser.me/api/portraits/men/56.jpg
wjefferson,Gracey,Olson,christophersims@castaneda-soto.com,$2b$12$Q1PUFjhN/AWRQ21LbGYvjeLpZZB6lfZ1BPwifHALGO6oIbyC3CmJe,Result team myself western past movie enough.,false,https://randomuser.me/api/portraits/men/12.jpg
kingdonna,June,Bird,gcherry@mclaughlin.com,$2b$12$Q1PUFjhN/AWRQ21LbGYvjeLpZZB6lfZ1BPwifHALGO6oIbyC3CmJe,Start decision go lay.,false,https://randomuser.me/api/portraits/women/31.jpg
andersontroy,Norma,Clarkson,brian35@lopez.com,$2b$12$Q1PUFjhN/AWRQ21LbGYvjeLpZZB6lfZ1BPwifHALGO6oIbyC3CmJe,View beat service history field.,true,https://randomuser.me/api/portraits/men/58.jpg
zwilkins,Lyndsey,Gale,terrydestiny@ramos.net,$2b$12$Q1PUFjhN/AWRQ21LbGYvjeLpZZB6lfZ1BPwifHALGO6oIbyC3CmJe,Ever late future.,false,https://randomuser.me/api/portraits/women/34.jpg
ashley13,Oliver,Lewis,scottlori@hotmail.com,$2b$12$Q1PUFjhN/AWRQ21LbGYvjeLpZZB6lfZ1BPwifHALGO6oIbyC3CmJe,Role letter site chair pretty coach.,false,https://randomuser.me/api/portraits/men/48.jpg
tiffanywilson,Alaw,Morley,hjones@murphy-jacobs.net,$2b$12$Q1PUFjhN/AWRQ21LbGYvjeLpZZB6lfZ1BPwifHALGO6oIbyC3CmJe,Form nearly win hit tend society agree.,false,https://randomuser.me/api/portraits/lego/6.jpg
qsmith,Eleri,Bush,lthomas@gmail.com,$2b$12$Q1PUFjhN/AWRQ21LbGYvjeLpZZB6lfZ1BPwifHALGO6oIbyC3CmJe,Region citizen pressure trip.,false,https://randomuser.me/api/portraits/men/41.jpg
sanchezangela,Aimie,Cooper,larsondavid@yahoo.com,$2b$12$Q1PUFjhN/AWRQ21LbGYvjeLpZZB6lfZ1BPwifHALGO6oIbyC3CmJe,Company space end.,false,https://randomuser.me/api/portraits/men/39.jpg
jason02,Camden,Corbett,karen78@miller-tyler.com,$2b$12$Q1PUFjhN/AWRQ21LbGYvjeLpZZB6lfZ1BPwifHALGO6oIbyC3CmJe,Country cover commercial billion.,true,https://randomuser.me/api/portraits/men/90.jpg
omartinez,Evie-May,Mccaffrey,zbowman@hotmail.com,$2b$12$Q1PUFjhN/AWRQ21LbGYvjeLpZZB6lfZ1BPwifHALGO6oIbyC3CmJe,Wall yes between main.,false,https://randomuser.me/api/portraits/women/12.jpg
bhill,Drew,Buck,adam18@rodriguez.net,$2b$12$Q1PUFjhN/AWRQ21LbGYvjeLpZZB6lfZ1BPwifHALGO6oIbyC3CmJe,Street human expert culture.,false,https://randomuser.me/api/portraits/men/38.jpg
thomas50,Donald,Stevenson,bpoole@hanna-adams.com,$2b$12$Q1PUFjhN/AWRQ21LbGYvjeLpZZB6lfZ1BPwifHALGO6oIbyC3CmJe,Drug leave blood world because theory phone event.,false,https://randomuser.me/api/portraits/men/67.jpg
nicholastate,Libbie,Dodson,marylee@walker-garcia.com,$2b$12$Q1PUFjhN/AWRQ21LbGYvjeLpZZB6lfZ1BPwifHALGO6oIbyC3CmJe,Theory notice guess behind weight.,false,https://randomuser.me/api/portraits/women/26.jpg
carneylori,Priscilla,Mack,bryantrachel@yahoo.com,$2b$12$Q1PUFjhN/AWRQ21LbGYvjeLpZZB6lfZ1BPwifHALGO6oIbyC3CmJe,Book shoulder similar.,false,https://randomuser.me/api/portraits/women/33.jpg
jamie01,Lilah,Drummond,petersonbrendan@brown.org,$2b$12$Q1PUFjhN/AWRQ21LbGYvjeLpZZB6lfZ1BPwifHALGO6oIbyC3CmJe,Late international management bag firm rather particularly.,false,https://randomuser.me/api/portraits/women/53.jpg
qwilson,Camden,Corbett,lmyers@hotmail.com,$2b$12$Q1PUFjhN/AWRQ21LbGYvjeLpZZB6lfZ1BPwifHALGO6oIbyC3CmJe,Wall bank yes themselves radio him.,false,https://randomuser.me/api/portraits/men/47.jpg
rebeccarubio,Beverly,Thatcher,andersonsean@gmail.com,$2b$12$Q1PUFjhN/AWRQ21LbGYvjeLpZZB6lfZ1BPwifHALGO6oIbyC3CmJe,Trade put drop yard.,false,https://randomuser.me/api/portraits/women/80.jpg
barryjodi,Benn,Leblanc,harrisjames@jackson.com,$2b$12$Q1PUFjhN/AWRQ21LbGYvjeLpZZB6lfZ1BPwifHALGO6oIbyC3CmJe,Shake western professor American.,false,https://randomuser.me/api/portraits/lego/2.jpg
elizabethhale,Emma-Louise,Baldwin,mwilson@grant-cardenas.org,$2b$12$Q1PUFjhN/AWRQ21LbGYvjeLpZZB6lfZ1BPwifHALGO6oIbyC3CmJe,Important work evening manage manage age and carry.,false,https://randomuser.me/api/portraits/women/90.jpg
gclark,Kelly,Chung,everettrobert@wilson-hutchinson.org,$2b$12$Q1PUFjhN/AWRQ21LbGYvjeLpZZB6lfZ1BPwifHALGO6oIbyC3CmJe,Point many box in trade develop ever agree.,false,https://randomuser.me/api/portraits/women/60.jpg
nicholasmorgan,Dainton,Huynh,perrychristine@gray.com,$2b$12$Q1PUFjhN/AWRQ21LbGYvjeLpZZB6lfZ1BPwifHALGO6oIbyC3CmJe,Movie manage various technology report development when.,false,https://randomuser.me/api/portraits/men/7.jpg
fwilliams,Sommer,Wynn,floresabigail@gmail.com,$2b$12$Q1PUFjhN/AWRQ21LbGYvjeLpZZB6lfZ1BPwifHALGO6oIbyC3CmJe,According sound piece soon himself single back.,false,https://randomuser.me/api/portraits/women/38.jpg
melissarandolph,Shaun,Eastwood,qmurray@hernandez.com,$2b$12$Q1PUFjhN/AWRQ21LbGYvjeLpZZB6lfZ1BPwifHALGO6oIbyC3CmJe,Protect away central provide result.,false,https://randomuser.me/api/portraits/women/51.jpg
amanda84,Makayla,Valencia,jmiles@yahoo.com,$2b$12$Q1PUFjhN/AWRQ21LbGYvjeLpZZB6lfZ1BPwifHALGO6oIbyC3CmJe,Personal number partner.,false,https://randomuser.me/api/portraits/women/89.jpg
steven86,Alisha,Hayden,anthony01@cook.org,$2b$12$Q1PUFjhN/AWRQ21LbGYvjeLpZZB6lfZ1BPwifHALGO6oIbyC3CmJe,Third generation give skill without response safe.,false,https://randomuser.me/api/portraits/men/96.jpg
brenda17,Ashraf,Novak,kkane@booth-flynn.com,$2b$12$Q1PUFjhN/AWRQ21LbGYvjeLpZZB6lfZ1BPwifHALGO6oIbyC3CmJe,Out surface push interview federal.,false,https://randomuser.me/api/portraits/men/61.jpg
brendaaustin,Marvin,Stacey,myerspaul@morton.net,$2b$12$Q1PUFjhN/AWRQ21LbGYvjeLpZZB6lfZ1BPwifHALGO6oIbyC3CmJe,Record what save plan add keep.,false,https://randomuser.me/api/portraits/men/89.jpg
kimberly43,Laaibah,Gilmore,james97@yahoo.com,$2b$12$Q1PUFjhN/AWRQ21LbGYvjeLpZZB6lfZ1BPwifHALGO6oIbyC3CmJe,Might north station step own wear stay.,false,https://randomuser.me/api/portraits/women/56.jpg
hernandezdawn,Kenneth,Buck,curtis28@gmail.com,$2b$12$Q1PUFjhN/AWRQ21LbGYvjeLpZZB6lfZ1BPwifHALGO6oIbyC3CmJe,Total behavior attention.,false,https://randomuser.me/api/portraits/men/81.jpg
zodom,Masojn,Quinn,meverett@hotmail.com,$2b$12$Q1PUFjhN/AWRQ21LbGYvjeLpZZB6lfZ1BPwifHALGO6oIbyC3CmJe,Begin money me young science.,false,https://randomuser.me/api/portraits/men/38.jpg
rubenwilliams,AJ,Boyle,tscott@hotmail.com,$2b$12$Q1PUFjhN/AWRQ21LbGYvjeLpZZB6lfZ1BPwifHALGO6oIbyC3CmJe,Treatment better little cover fact commercial.,false,https://randomuser.me/api/portraits/men/87.jpg
melvin12,Tasha,Weston,bruceandrew@hughes-scott.com,$2b$12$Q1PUFjhN/AWRQ21LbGYvjeLpZZB6lfZ1BPwifHALGO6oIbyC3CmJe,College scientist season member though outside develop.,false,https://randomuser.me/api/portraits/men/37.jpg
michaelhays,Daryl,Ryder,melissa17@wright.com,$2b$12$Q1PUFjhN/AWRQ21LbGYvjeLpZZB6lfZ1BPwifHALGO6oIbyC3CmJe,Product seven power.,false,https://randomuser.me/api/portraits/women/97.jpg
nicolehughes,Reece,Senior,wongjames@jenkins-black.info,$2b$12$Q1PUFjhN/AWRQ21LbGYvjeLpZZB6lfZ1BPwifHALGO6oIbyC3CmJe,Health actually receive someone upon scene.,false,https://randomuser.me/api/portraits/men/46.jpg
lorithomas,Marc,Atherton,tiffanystevenson@trujillo.net,$2b$12$Q1PUFjhN/AWRQ21LbGYvjeLpZZB6lfZ1BPwifHALGO6oIbyC3CmJe,Particular here for professor someone.,false,https://randomuser.me/api/portraits/men/90.jpg
michaellee,Jazmin,Strickland,turnermarvin@ponce.com,$2b$12$Q1PUFjhN/AWRQ21LbGYvjeLpZZB6lfZ1BPwifHALGO6oIbyC3CmJe,Particular here for professor someone.,false,https://randomuser.me/api/portraits/men/66.jpg
